Category,End,Revenue
Top 10,High End,2690940.0199999996
Top 10,Mid End,1988221.6399999997
Top 10,Low End,2054366.8000000003
Rest,High End,56695.86
Rest,Mid End,112405.09
Rest,Low End,1131532.52
